,제목,작가,썸네일,주소
0,재벌집 막내아들,JP / 김병관 / 산경(...,https://shared-comic.pstatic.net/thumb/webtoon/800770/thumbnail/thumbnail_IMAG10_13fabad2-e339-43e5-9bd9-4311a5d5c7ae.jpg,/webtoon/list?titleId=800770&weekday=thu
1,앞집나리,민송아,https://shared-comic.pstatic.net/thumb/webtoon/802293/thumbnail/thumbnail_IMAG10_b7cf23a6-6dc2-41db-bdbe-8da05dcd5883.jpg,/webtoon/list?titleId=802293&weekday=thu
2,연애혁명,232,https://shared-comic.pstatic.net/thumb/webtoon/570503/thumbnail/thumbnail_IMAG10_6700d113-36b9-4d4a-a9af-a09527a4f297.jpg,/webtoon/list?titleId=570503&weekday=thu
3,나노마신,현절무 / 금강불괴 / 한...,https://shared-comic.pstatic.net/thumb/webtoon/747271/thumbnail/thumbnail_IMAG10_0a56d153-5521-4ca8-9665-a4450c6fb40d.jpg,/webtoon/list?titleId=747271&weekday=thu
4,남편을 죽여줘요,"이연, 칸트웍스 / 구물",https://shared-comic.pstatic.net/thumb/webtoon/797410/thumbnail/thumbnail_IMAG10_f858268d-2689-439b-8bf5-57fcb54880fe.jpg,/webtoon/list?titleId=797410&weekday=thu
5,천마육성,광휘 / 조형근,https://shared-comic.pstatic.net/thumb/webtoon/776255/thumbnail/thumbnail_IMAG10_56b3ed9f-2773-46d3-b65f-07e5b070f66a.jpg,/webtoon/list?titleId=776255&weekday=thu
6,독립일기,자까,https://shared-comic.pstatic.net/thumb/webtoon/748105/thumbnail/thumbnail_IMAG10_becd3e24-cc09-4243-a1c9-646270f4a8db.jpg,/webtoon/list?titleId=748105&weekday=thu
7,현실퀘스트,이주운 / 태성,https://shared-comic.pstatic.net/thumb/webtoon/783888/thumbnail/thumbnail_IMAG10_3c753d3c-ded1-4796-9bd7-da8ae9a53e37.jpg,/webtoon/list?titleId=783888&weekday=thu
8,보스였음,럭스,https://shared-comic.pstatic.net/thumb/webtoon/802833/thumbnail/thumbnail_IMAG10_81d577c7-403a-41cb-8fd2-c378b7520db9.jpg,/webtoon/list?titleId=802833&weekday=thu
9,회귀한 천재 헌터의 슬기로운 청소생활,고일고일 / 달비트,https://shared-comic.pstatic.net/thumb/webtoon/796827/thumbnail/thumbnail_IMAG10_bf8f2b51-efff-49d5-bdc3-3aa0f1c30790.jpg,/webtoon/list?titleId=796827&weekday=thu
10,뮤즈 온 유명,수진,https://shared-comic.pstatic.net/thumb/webtoon/801505/thumbnail/thumbnail_IMAG10_39bdfc0c-9b6d-44bb-b865-dd9fec0b592f.jpg,/webtoon/list?titleId=801505&weekday=thu
11,호랑신랑뎐,고추참치,https://shared-comic.pstatic.net/thumb/webtoon/795643/thumbnail/thumbnail_IMAG10_c484d547-bbab-4046-9f58-c11a6b6049c3.jpg,/webtoon/list?titleId=795643&weekday=thu
12,나 혼자 네크로맨서,김경열 / 김동준 / 지점장,https://shared-comic.pstatic.net/thumb/webtoon/780170/thumbnail/thumbnail_IMAG10_515ac2c3-ba65-43bf-9680-3e9cf6d81cbc.jpg,/webtoon/list?titleId=780170&weekday=thu
13,무사만리행,운 / 배민기,https://shared-comic.pstatic.net/thumb/webtoon/746857/thumbnail/thumbnail_IMAG10_eaa37ba3-1697-44ca-b9e5-741229d7a44e.jpg,/webtoon/list?titleId=746857&weekday=thu
14,별을 삼킨 너에게,ARI,https://shared-comic.pstatic.net/thumb/webtoon/748831/thumbnail/thumbnail_IMAG10_37f2745c-2ac3-49af-99af-65442aef7855.jpg,/webtoon/list?titleId=748831&weekday=thu
15,버려진 나의 최애를 위하여,류호 / 기묭 / 김선유,https://shared-comic.pstatic.net/thumb/webtoon/794155/thumbnail/thumbnail_IMAG10_7f77c640-de04-4ad7-82f0-efef2b8cc030.jpg,/webtoon/list?titleId=794155&weekday=thu
16,노답소녀,석우,https://shared-comic.pstatic.net/thumb/webtoon/756137/thumbnail/thumbnail_IMAG10_3c00fb0e-1e5b-4483-99b1-b15d125f2bbc.jpg,/webtoon/list?titleId=756137&weekday=thu
17,쿠베라,카레곰,https://shared-comic.pstatic.net/thumb/webtoon/131385/thumbnail/thumbnail_IMAG10_79426dbb-adba-48c2-98ad-992e4bd99a8a.jpg,/webtoon/list?titleId=131385&weekday=thu
18,만능잡캐,"키보드만세, 홍실 / 김대훈",https://shared-comic.pstatic.net/thumb/webtoon/783117/thumbnail/thumbnail_IMAG10_7d7f8c99-cb06-4048-92f2-8ef088959afb.jpg,/webtoon/list?titleId=783117&weekday=thu
19,순정빌런,세윤,https://shared-comic.pstatic.net/thumb/webtoon/797731/thumbnail/thumbnail_IMAG10_0394834b-f6ea-485a-96da-a843a1ace852.jpg,/webtoon/list?titleId=797731&weekday=thu
20,트롤트랩,유비,https://shared-comic.pstatic.net/thumb/webtoon/701700/thumbnail/thumbnail_IMAG10_91d1c77b-9ad9-43ce-8299-ed986700c65a.jpg,/webtoon/list?titleId=701700&weekday=thu
21,최강전설 강해효,최병열,https://shared-comic.pstatic.net/thumb/webtoon/570506/thumbnail/title_thumbnail_20130710192300_t83x90.jpg,/webtoon/list?titleId=570506&weekday=thu
22,소녀180,나우원 / 델라,https://shared-comic.pstatic.net/thumb/webtoon/742351/thumbnail/thumbnail_IMAG10_31d60eb7-da8f-4d18-8e80-129b8e13983c.jpg,/webtoon/list?titleId=742351&weekday=thu
23,루루라라 우리네 인생,현이씨,https://shared-comic.pstatic.net/thumb/webtoon/802039/thumbnail/thumbnail_IMAG10_9f26f57e-8781-42d3-89cc-8a4d55164bc1.jpg,/webtoon/list?titleId=802039&weekday=thu
24,규격 외 혈통 천재,ZAINO / 클로버 / ...,https://shared-comic.pstatic.net/thumb/webtoon/798331/thumbnail/thumbnail_IMAG10_b5da1abb-16a5-4d76-bbf2-0acb3682ac32.jpg,/webtoon/list?titleId=798331&weekday=thu
25,꽃만 키우는데 너무강함,주현후 / 쿰타타,https://shared-comic.pstatic.net/thumb/webtoon/741825/thumbnail/thumbnail_IMAG10_2cb48835-dbbb-429c-b391-91a57775717e.jpg,/webtoon/list?titleId=741825&weekday=thu
26,이게 웬 떡,박쓰담,https://shared-comic.pstatic.net/thumb/webtoon/804051/thumbnail/thumbnail_IMAG10_dc07f308-c3dd-4c3a-abd7-298fac4b40ff.jpg,/webtoon/list?titleId=804051&weekday=thu
27,던전 씹어먹는 아티팩트,엄키 / 제로워터,https://shared-comic.pstatic.net/thumb/webtoon/758439/thumbnail/thumbnail_IMAG10_08abada1-ebb5-41cc-a28e-e3a71a422202.jpg,/webtoon/list?titleId=758439&weekday=thu
28,흑막 여주가 날 새엄마로 만들려고 해,이산시 / 하리힌 / 목감기,https://shared-comic.pstatic.net/thumb/webtoon/770523/thumbnail/thumbnail_IMAG10_6579368a-bc63-43d6-b16b-7ff8f2bc0d18.jpg,/webtoon/list?titleId=770523&weekday=thu
29,비서 일탈,솔방울 / 꿀봉이 / 반지영,https://shared-comic.pstatic.net/thumb/webtoon/801515/thumbnail/thumbnail_IMAG10_4b3570cf-4b11-430c-9be2-4d44b491e436.jpg,/webtoon/list?titleId=801515&weekday=thu
30,누나! 나 무서워,디귿,https://shared-comic.pstatic.net/thumb/webtoon/797468/thumbnail/thumbnail_IMAG10_40cfc0ab-938e-4917-b2b6-621aff85ea06.jpg,/webtoon/list?titleId=797468&weekday=thu
31,게임 최강 트롤러,박종석 / YATO / 군...,https://shared-comic.pstatic.net/thumb/webtoon/801698/thumbnail/thumbnail_IMAG10_8e89a2ac-2591-4a34-ad5c-1c38e6368020.jpg,/webtoon/list?titleId=801698&weekday=thu
32,완벽한 결혼의 정석,영 / 제리볼 / 이범배,https://shared-comic.pstatic.net/thumb/webtoon/775631/thumbnail/thumbnail_IMAG10_b3ef9f8f-dc07-4169-84c1-f4dc855fb2f7.jpg,/webtoon/list?titleId=775631&weekday=thu
33,마왕까지 한 걸음,윤홍,https://shared-comic.pstatic.net/thumb/webtoon/776668/thumbnail/thumbnail_IMAG10_46b86a1a-580c-4bab-a155-0b0373651d7d.jpg,/webtoon/list?titleId=776668&weekday=thu
34,순수한 동거생활,성은 / 플아다,https://shared-comic.pstatic.net/thumb/webtoon/797937/thumbnail/thumbnail_IMAG10_a25b02a2-a5cf-4e4c-b8c6-ebafe2a8f840.jpg,/webtoon/list?titleId=797937&weekday=thu
35,네가 죽기를 바랄 때가 있었다,기매 / 아란 / 진서,https://shared-comic.pstatic.net/thumb/webtoon/776542/thumbnail/thumbnail_IMAG10_12908a40-0f35-43f1-bff5-e208a3f198a2.jpg,/webtoon/list?titleId=776542&weekday=thu
36,수영만화일기,해오,https://shared-comic.pstatic.net/thumb/webtoon/768534/thumbnail/thumbnail_IMAG10_cb17b458-bd43-49b0-a63f-68721752e773.jpg,/webtoon/list?titleId=768534&weekday=thu
37,국세청 망나니,엘가 / 신스 / 동면거북이,https://shared-comic.pstatic.net/thumb/webtoon/785727/thumbnail/thumbnail_IMAG10_5a4f9aad-3c43-4403-91cc-639d0cd18add.jpg,/webtoon/list?titleId=785727&weekday=thu
38,코인 리벤지,박성현,https://shared-comic.pstatic.net/thumb/webtoon/801998/thumbnail/thumbnail_IMAG10_c5d56106-834e-4d82-bc1a-1bc0476294fd.jpg,/webtoon/list?titleId=801998&weekday=thu
39,아인슈페너,한끼룩,https://shared-comic.pstatic.net/thumb/webtoon/792280/thumbnail/thumbnail_IMAG10_6f71fd3d-533b-4514-951c-b22a0719a372.jpg,/webtoon/list?titleId=792280&weekday=thu
40,선남친 후연애,해부기 / 정미 / 왕기대,https://shared-comic.pstatic.net/thumb/webtoon/780191/thumbnail/thumbnail_IMAG10_7f64859b-d943-46ec-a8a5-0364456dc527.jpg,/webtoon/list?titleId=780191&weekday=thu
41,위대한 겸상,홍치,https://shared-comic.pstatic.net/thumb/webtoon/796242/thumbnail/thumbnail_IMAG10_037f2da8-a148-419a-b3e1-d613b3fb3524.jpg,/webtoon/list?titleId=796242&weekday=thu
42,킬더킹,마사토끼 / joana,https://shared-comic.pstatic.net/thumb/webtoon/670145/thumbnail/title_thumbnail_20160105121235_t83x90.jpg,/webtoon/list?titleId=670145&weekday=thu
43,이계 무슨 황비,전현서 / GUA,https://shared-comic.pstatic.net/thumb/webtoon/729086/thumbnail/thumbnail_IMAG10_3b19c333-a0f0-4998-aed6-c566fe51e427.jpg,/webtoon/list?titleId=729086&weekday=thu
44,개와 사람의 시간,무브,https://shared-comic.pstatic.net/thumb/webtoon/794980/thumbnail/thumbnail_IMAG10_63b1c30e-e020-4392-b0df-9487e1a7476b.jpg,/webtoon/list?titleId=794980&weekday=thu
45,사기 친 공작님을 유혹해버렸다,T.Heimdallr / ...,https://shared-comic.pstatic.net/thumb/webtoon/802849/thumbnail/thumbnail_IMAG10_087f8a2a-3e47-4323-a4c4-e51006b8e5a7.jpg,/webtoon/list?titleId=802849&weekday=thu
46,1학년 9반,우윱,https://shared-comic.pstatic.net/thumb/webtoon/793279/thumbnail/thumbnail_IMAG10_345b547c-3a5b-4f8e-988e-1021db2d47e4.jpg,/webtoon/list?titleId=793279&weekday=thu
47,모어 라이프,이아영,https://shared-comic.pstatic.net/thumb/webtoon/771985/thumbnail/thumbnail_IMAG10_24469875-abd9-4c70-8fdb-4c50240ac06c.jpg,/webtoon/list?titleId=771985&weekday=thu
48,독거미,신진우 / 홍순식,https://shared-comic.pstatic.net/thumb/webtoon/802272/thumbnail/thumbnail_IMAG10_97472425-56ff-4af1-9445-09296116d507.jpg,/webtoon/list?titleId=802272&weekday=thu
49,두 번째 딸로 태어났습니다,뉴궁딩팡팡 / 용원창,https://shared-comic.pstatic.net/thumb/webtoon/794651/thumbnail/thumbnail_IMAG10_398e49f0-f596-4da7-8022-d2829291ca66.jpg,/webtoon/list?titleId=794651&weekday=thu
50,THE 런웨이,도미 / 녹두 / Hira...,https://shared-comic.pstatic.net/thumb/webtoon/771912/thumbnail/thumbnail_IMAG10_2171481a-be7c-495f-9691-2218dd2c567d.jpg,/webtoon/list?titleId=771912&weekday=thu
51,"엔딩, 바꿔보려합니다",모카빵,https://shared-comic.pstatic.net/thumb/webtoon/802378/thumbnail/thumbnail_IMAG10_f227ccc4-2d6e-4502-9135-ceeb4121b7ae.jpg,/webtoon/list?titleId=802378&weekday=thu
52,베니루 BAENIRU,우지금,https://shared-comic.pstatic.net/thumb/webtoon/796302/thumbnail/thumbnail_IMAG10_35e92dd7-2338-4732-a294-69b342cfc8d7.jpg,/webtoon/list?titleId=796302&weekday=thu
53,나의 불편한 상사,탄지 / 남은경 / 이다홍,https://shared-comic.pstatic.net/thumb/webtoon/799165/thumbnail/thumbnail_IMAG10_5ab635c4-b3e1-4517-b7bf-6ac8f525e189.jpg,/webtoon/list?titleId=799165&weekday=thu
54,달의 요람,이정선,https://shared-comic.pstatic.net/thumb/webtoon/762035/thumbnail/thumbnail_IMAG10_1a2a2799-b579-4c50-8ffa-d2e27d10b0e7.jpg,/webtoon/list?titleId=762035&weekday=thu
55,마녀의 심판은 꽃이 된다,은백 / 서현,https://shared-comic.pstatic.net/thumb/webtoon/783862/thumbnail/thumbnail_IMAG10_29361329-9b5b-4001-9878-a5ef39a20a07.jpg,/webtoon/list?titleId=783862&weekday=thu
56,35cm,홍가,https://shared-comic.pstatic.net/thumb/webtoon/703847/thumbnail/thumbnail_IMAG10_bc8ed2ed-c044-4345-8425-8b480f6107a9.jpg,/webtoon/list?titleId=703847&weekday=thu
57,천재의 게임방송,지금 / 하이엔드,https://shared-comic.pstatic.net/thumb/webtoon/797417/thumbnail/thumbnail_IMAG10_490c9a48-10e8-422f-847e-4e93cffd1374.jpg,/webtoon/list?titleId=797417&weekday=thu
58,가족같은 XX,서우현,https://shared-comic.pstatic.net/thumb/webtoon/790239/thumbnail/thumbnail_IMAG10_04f93d8c-988d-499c-b673-b05aa00ed77a.jpg,/webtoon/list?titleId=790239&weekday=thu
59,방과후 레시피,혜루,https://shared-comic.pstatic.net/thumb/webtoon/793130/thumbnail/thumbnail_IMAG10_f1b9d2cb-4efe-470e-8ee7-311624239d84.jpg,/webtoon/list?titleId=793130&weekday=thu
60,환상연가,반지운,https://shared-comic.pstatic.net/thumb/webtoon/784506/thumbnail/thumbnail_IMAG10_d5e5e34f-e8ce-462a-97a2-6d3bb5ab1043.jpg,/webtoon/list?titleId=784506&weekday=thu
61,온새미로,여우 / 사문,https://shared-comic.pstatic.net/thumb/webtoon/745472/thumbnail/thumbnail_IMAG10_fbdf3b5f-2a4d-4e1d-b8ec-18bc6466259f.jpg,/webtoon/list?titleId=745472&weekday=thu
62,"오, 친애하는 숙적",오쏘 / 벨마 / 미나토,https://shared-comic.pstatic.net/thumb/webtoon/790840/thumbnail/thumbnail_IMAG10_f9d72dbb-8cda-429c-935a-881ac776297a.jpg,/webtoon/list?titleId=790840&weekday=thu
63,부캐인생,까를로스 / 징크,https://shared-comic.pstatic.net/thumb/webtoon/791258/thumbnail/thumbnail_IMAG10_bcbe81d0-eca1-4f3c-9a36-aaf826538443.jpg,/webtoon/list?titleId=791258&weekday=thu
64,황제사냥,KAN,https://shared-comic.pstatic.net/thumb/webtoon/800304/thumbnail/thumbnail_IMAG10_388145c5-33fa-48a2-badd-dea50b7e7df8.jpg,/webtoon/list?titleId=800304&weekday=thu
65,아빠같은 남자,이수민,https://shared-comic.pstatic.net/thumb/webtoon/774451/thumbnail/thumbnail_IMAG10_da2528f4-1481-453e-afd8-49d10c255b3e.jpg,/webtoon/list?titleId=774451&weekday=thu
66,"황궁에 핀 꽃은, 미쳤다",한누리 / 희구 / 성소작,https://shared-comic.pstatic.net/thumb/webtoon/796324/thumbnail/thumbnail_IMAG10_552b9893-ad68-4925-8dd3-a7229a1d2173.jpg,/webtoon/list?titleId=796324&weekday=thu
67,따개비,뜰새 / delete / ...,https://shared-comic.pstatic.net/thumb/webtoon/792277/thumbnail/thumbnail_IMAG10_f46de1d2-61a7-4f1b-a3ee-4a835f01e494.jpg,/webtoon/list?titleId=792277&weekday=thu
68,로맨틱 태평수산,육일공,https://shared-comic.pstatic.net/thumb/webtoon/792125/thumbnail/thumbnail_IMAG10_e5c3c3af-2d49-4728-ae7b-c88b694a1805.jpg,/webtoon/list?titleId=792125&weekday=thu
69,배트맨: 웨인 패밀리 어드벤처,CRC Payne / St...,https://shared-comic.pstatic.net/thumb/webtoon/784989/thumbnail/thumbnail_IMAG10_d6dc8639-0112-47e3-be45-27b273e1b16e.jpg,/webtoon/list?titleId=784989&weekday=thu
70,간 떨어지는 출근,나,https://shared-comic.pstatic.net/thumb/webtoon/804370/thumbnail/thumbnail_IMAG10_38785de6-7597-4adb-9e31-f7569d54c553.jpg,/webtoon/list?titleId=804370&weekday=thu
71,돌아온 여기사,이하린 / 하늘미르,https://shared-comic.pstatic.net/thumb/webtoon/772691/thumbnail/thumbnail_IMAG10_f775f11b-944c-487c-ad43-583edfb1ba6e.jpg,/webtoon/list?titleId=772691&weekday=thu
72,그 황제가 시곗바늘을 되돌린 사연,화영 / 용끄 / 블루밍부케,https://shared-comic.pstatic.net/thumb/webtoon/765322/thumbnail/thumbnail_IMAG10_296c785a-bcff-4703-a7fe-e5d5e27b1435.jpg,/webtoon/list?titleId=765322&weekday=thu
73,자취방 신선들,마로,https://shared-comic.pstatic.net/thumb/webtoon/758587/thumbnail/thumbnail_IMAG10_799b613c-c53c-4495-b70a-b4dd7297bd38.jpg,/webtoon/list?titleId=758587&weekday=thu
74,베어케어,꽃소금 / 김용원,https://shared-comic.pstatic.net/thumb/webtoon/792379/thumbnail/thumbnail_IMAG10_11ab7a50-4fe2-4841-ab73-7220bc190115.jpg,/webtoon/list?titleId=792379&weekday=thu
75,시에라,문아 / Rana,https://shared-comic.pstatic.net/thumb/webtoon/778707/thumbnail/thumbnail_IMAG10_fe636b74-3479-4aa6-bff6-14202a0b1eff.jpg,/webtoon/list?titleId=778707&weekday=thu
76,권리행사자,샤이탄,https://shared-comic.pstatic.net/thumb/webtoon/795929/thumbnail/thumbnail_IMAG10_c2db890f-ce3f-4905-80eb-07bc1b97ed85.jpg,/webtoon/list?titleId=795929&weekday=thu
77,카루나,강호진,https://shared-comic.pstatic.net/thumb/webtoon/754876/thumbnail/thumbnail_IMAG10_92cf9f87-01e2-45ef-9363-d8105cbfe251.jpg,/webtoon/list?titleId=754876&weekday=thu
78,보물과 괴물의 도시,이을,https://shared-comic.pstatic.net/thumb/webtoon/751993/thumbnail/thumbnail_IMAG10_d88d306a-7c70-4c62-8099-ea892d4543ca.jpg,/webtoon/list?titleId=751993&weekday=thu
79,온실 속 화초,옛사람,https://shared-comic.pstatic.net/thumb/webtoon/769662/thumbnail/thumbnail_IMAG10_d05dcdae-8b51-41d8-8e95-d1a172936e0f.jpg,/webtoon/list?titleId=769662&weekday=thu
80,나쁜 마법사의 꿈,이아거,https://shared-comic.pstatic.net/thumb/webtoon/787729/thumbnail/thumbnail_IMAG10_4cbc0e61-37ed-4be4-8e57-ce3790856c6d.jpg,/webtoon/list?titleId=787729&weekday=thu
81,널 사랑하는 죽은 형,상금,https://shared-comic.pstatic.net/thumb/webtoon/796247/thumbnail/thumbnail_IMAG10_62a135bd-9064-492f-8fb5-28af2fb9edda.jpg,/webtoon/list?titleId=796247&weekday=thu
82,사랑하는 여배우들,고나리자 / 수정,https://shared-comic.pstatic.net/thumb/webtoon/794644/thumbnail/thumbnail_IMAG10_ce39b9b8-3f8e-4ab3-a604-408aa095654d.jpg,/webtoon/list?titleId=794644&weekday=thu
83,유월의 소한,윤정민,https://shared-comic.pstatic.net/thumb/webtoon/796492/thumbnail/thumbnail_IMAG10_6accc5b5-0680-4491-920d-a34774bbf64b.jpg,/webtoon/list?titleId=796492&weekday=thu
84,가상&RPG,주다현,https://shared-comic.pstatic.net/thumb/webtoon/785701/thumbnail/thumbnail_IMAG10_1daf0900-0f55-4fc7-a59e-0ec3e975409a.jpg,/webtoon/list?titleId=785701&weekday=thu
